[
  {
    "id": "d1206af5-4662-4efe-a3f3-e597aafefb3c",
    "data": [
      {
        "text": "I need a charger for my ",
        "userDefined": false
      },
      {
        "text": "phone",
        "alias": "Rogers_Store",
        "meta": "@Rogers_Store",
        "userDefined": true
      }
    ],
    "isTemplate": false,
    "count": 0,
    "updated": 0
  },
  {
    "id": "b49f61a3-08cb-413f-b414-3a28285d0e8a",
    "data": [
      {
        "text": "I need a new ",
        "userDefined": false
      },
      {
        "text": "data",
        "alias": "Rogers_Store",
        "meta": "@Rogers_Store",
        "userDefined": true
      },
      {
        "text": " plan",
        "userDefined": false
      }
    ],
    "isTemplate": false,
    "count": 0,
    "updated": 0
  },
  {
    "id": "a1903c6c-11c3-4c00-b7e9-c0ee7d578e02",
    "data": [
      {
        "text": "I would like to get a new ",
        "userDefined": false
      },
      {
        "text": "phone",
        "alias": "Rogers_Store",
        "meta": "@Rogers_Store",
        "userDefined": true
      },
      {
        "text": " case",
        "userDefined": false
      }
    ],
    "isTemplate": false,
    "count": 0,
    "updated": 0
  },
  {
    "id": "53d3f4bb-a8a5-469e-9c85-ef06df89e6ab",
    "data": [
      {
        "text": "I want to check out the new ",
        "userDefined": false
      },
      {
        "text": "iphone",
        "alias": "Rogers_Store",
        "meta": "@Rogers_Store",
        "userDefined": true
      }
    ],
    "isTemplate": false,
    "count": 0,
    "updated": 0
  },
  {
    "id": "3a21e061-c61b-40bf-bff0-6ec6b8f5779a",
    "data": [
      {
        "text": "Where\u0027s the ",
        "userDefined": false
      },
      {
        "text": "Rogers",
        "alias": "Rogers_Store",
        "meta": "@Rogers_Store",
        "userDefined": true
      },
      {
        "text": " store?",
        "userDefined": false
      }
    ],
    "isTemplate": false,
    "count": 0,
    "updated": 0
  },
  {
    "id": "c3ebc70d-0276-4cb2-b7bd-8268b05b326e",
    "data": [
      {
        "text": "Is there a ",
        "userDefined": false
      },
      {
        "text": "Rogers",
        "alias": "Rogers_Store",
        "meta": "@Rogers_Store",
        "userDefined": true
      },
      {
        "text": " store close by",
        "userDefined": false
      }
    ],
    "isTemplate": false,
    "count": 0,
    "updated": 0
  }
]