[
  {
    "id": "1099a841-9e27-46f4-9f6e-59e584bffc5b",
    "data": [
      {
        "text": "I\u0027m going to the ",
        "userDefined": false
      },
      {
        "text": "mall",
        "alias": "Mall",
        "meta": "@Mall",
        "userDefined": false
      }
    ],
    "isTemplate": false,
    "count": 0,
    "updated": 0
  },
  {
    "id": "d6548877-fd21-4b76-878d-11cb6da32c06",
    "data": [
      {
        "text": "I am going to ",
        "userDefined": false
      },
      {
        "text": "yorkdale",
        "alias": "Mall",
        "meta": "@Mall",
        "userDefined": false
      }
    ],
    "isTemplate": false,
    "count": 0,
    "updated": 0
  },
  {
    "id": "24a146d8-6b2d-4a0c-9b63-c9bfa91b7d0c",
    "data": [
      {
        "text": "I\u0027m at ",
        "userDefined": false
      },
      {
        "text": "yorkdale",
        "alias": "Mall",
        "meta": "@Mall",
        "userDefined": false
      }
    ],
    "isTemplate": false,
    "count": 0,
    "updated": 0
  },
  {
    "id": "0490d127-53ab-4b75-a974-1cdba54827db",
    "data": [
      {
        "text": "I\u0027m at the ",
        "userDefined": false
      },
      {
        "text": "mall",
        "alias": "Mall",
        "meta": "@Mall",
        "userDefined": false
      }
    ],
    "isTemplate": false,
    "count": 0,
    "updated": 0
  },
  {
    "id": "5972c406-7960-4e4a-868e-569c6d8ff62f",
    "data": [
      {
        "text": "I just reached ",
        "userDefined": false
      },
      {
        "text": "yorkdale",
        "alias": "Mall",
        "meta": "@Mall",
        "userDefined": false
      }
    ],
    "isTemplate": false,
    "count": 0,
    "updated": 0
  }
]