[
  {
    "id": "fcd84dff-45d5-4d5b-a85b-ee65a78156e7",
    "data": [
      {
        "text": "lets have ",
        "userDefined": false
      },
      {
        "text": "dinner",
        "alias": "Dine",
        "meta": "@Dine",
        "userDefined": true
      }
    ],
    "isTemplate": false,
    "count": 0,
    "updated": 0
  },
  {
    "id": "e462af7e-05bb-4ffc-863a-faa37583e0c3",
    "data": [
      {
        "text": "I want some ",
        "userDefined": false
      },
      {
        "text": "lunch",
        "alias": "Dine",
        "meta": "@Dine",
        "userDefined": true
      }
    ],
    "isTemplate": false,
    "count": 0,
    "updated": 0
  },
  {
    "id": "3ed636d8-ddbf-4b1f-8a13-dc3ec1e6afff",
    "data": [
      {
        "text": "I\u0027d like to ",
        "userDefined": false
      },
      {
        "text": "eat",
        "alias": "Dine",
        "meta": "@Dine",
        "userDefined": true
      }
    ],
    "isTemplate": false,
    "count": 0,
    "updated": 0
  },
  {
    "id": "b9cd38ea-a78b-4c74-a3a7-a4d7e464c3b8",
    "data": [
      {
        "text": "Show me good ",
        "userDefined": false
      },
      {
        "text": "restaurants",
        "alias": "Dine",
        "meta": "@Dine",
        "userDefined": true
      }
    ],
    "isTemplate": false,
    "count": 0,
    "updated": 0
  },
  {
    "id": "40a258d1-6f35-4386-9e4e-30dc84ce3617",
    "data": [
      {
        "text": "I\u0027m ",
        "userDefined": false
      },
      {
        "text": "hungry",
        "alias": "Dine",
        "meta": "@Dine",
        "userDefined": true
      }
    ],
    "isTemplate": false,
    "count": 0,
    "updated": 0
  },
  {
    "id": "2af128bc-97bb-48cb-bff9-67c47f74bff1",
    "data": [
      {
        "text": "I want to get some ",
        "userDefined": false
      },
      {
        "text": "food",
        "alias": "Dine",
        "meta": "@Dine",
        "userDefined": true
      }
    ],
    "isTemplate": false,
    "count": 0,
    "updated": 0
  }
]