[
  {
    "id": "ed5c8ae9-d22c-49e8-84eb-988d7cf8860b",
    "data": [
      {
        "text": "Show me the biggest discounts",
        "userDefined": false
      }
    ],
    "isTemplate": false,
    "count": 0,
    "updated": 0
  },
  {
    "id": "49a65a71-78f1-47c5-aea3-23ef66b680c8",
    "data": [
      {
        "text": "I want to buy stuff",
        "userDefined": false
      }
    ],
    "isTemplate": false,
    "count": 0,
    "updated": 0
  },
  {
    "id": "689683b7-b317-40d0-867f-2033f2d60a72",
    "data": [
      {
        "text": "I need ",
        "userDefined": false
      },
      {
        "text": "clothes",
        "alias": "Shopping",
        "meta": "@Shopping",
        "userDefined": true
      }
    ],
    "isTemplate": false,
    "count": 0,
    "updated": 0
  },
  {
    "id": "e76c155c-2204-48c5-b2a0-f9c60947ac6a",
    "data": [
      {
        "text": "Where can I go ",
        "userDefined": false
      },
      {
        "text": "shopping",
        "alias": "Shopping",
        "meta": "@Shopping",
        "userDefined": true
      },
      {
        "text": "?",
        "userDefined": false
      }
    ],
    "isTemplate": false,
    "count": 0,
    "updated": 0
  },
  {
    "id": "dcd76c64-8100-42d2-b7e3-aa129d8e3803",
    "data": [
      {
        "text": "I\u0027d like to go ",
        "userDefined": false
      },
      {
        "text": "shopping",
        "alias": "Shopping",
        "meta": "@Shopping",
        "userDefined": true
      }
    ],
    "isTemplate": false,
    "count": 0,
    "updated": 0
  }
]