[
  {
    "id": "9b2dc98b-149e-4384-96c3-66d49b709c3a",
    "data": [
      {
        "text": "Let\u0027s see a ",
        "userDefined": false
      },
      {
        "text": "film",
        "alias": "Entertainment",
        "meta": "@Entertainment",
        "userDefined": true
      }
    ],
    "isTemplate": false,
    "count": 0,
    "updated": 0
  },
  {
    "id": "73039e15-e237-45cc-8365-f942481f6d5f",
    "data": [
      {
        "text": "I want to go for a ",
        "userDefined": false
      },
      {
        "text": "movie",
        "alias": "Entertainment",
        "meta": "@Entertainment",
        "userDefined": true
      }
    ],
    "isTemplate": false,
    "count": 0,
    "updated": 0
  },
  {
    "id": "0a9f049a-3248-4462-ac50-f455a55bb515",
    "data": [
      {
        "text": "I feel like going for a ",
        "userDefined": false
      },
      {
        "text": "movie",
        "alias": "Entertainment",
        "meta": "@Entertainment",
        "userDefined": true
      }
    ],
    "isTemplate": false,
    "count": 0,
    "updated": 0
  },
  {
    "id": "ee2f7e12-6b82-45a1-8787-90b3d5c39f4a",
    "data": [
      {
        "text": "I want to watch a ",
        "userDefined": false
      },
      {
        "text": "movie",
        "alias": "Entertainment",
        "meta": "@Entertainment",
        "userDefined": true
      }
    ],
    "isTemplate": false,
    "count": 0,
    "updated": 0
  }
]